episode_id,onset_timestamp,conditional_risk_score,RV20_onset,boundary_B,MAE_abs,breach_indicator
398,2023-10-27 16:30:00,0.0768036288716233,0.0006179499044632974,0.0006179499044632974,0.002800221306427474,1
399,2023-10-30 15:45:00,0.0611434329074068,0.0006483895636333258,0.0006483895636333258,0.001610951044820059,1
400,2023-10-31 12:45:00,0.0233460856213629,0.0006453714446341684,0.0006453714446341684,0.009995702487167723,1
401,2023-11-01 17:45:00,-0.0258285506296886,0.0006835301646659215,0.0006835301646659215,0.004661219692587041,1
402,2023-11-02 17:00:00,0.0535653466527819,0.0006485351548852305,0.0006485351548852305,0.0020801475839628213,1
403,2023-11-03 15:30:00,-0.7296043943192606,0.001182972671493604,0.001182972671493604,0.0028722789069458225,1
404,2023-11-09 20:15:00,0.1125961462750893,0.0005892439547144294,0.0005892439547144294,0.0034365421227288673,1
405,2023-11-14 15:30:00,-1.2296021224723506,0.0015418035693731229,0.0015418035693731229,0.008357519634780371,1
406,2023-11-15 15:30:00,-0.1062530427468382,0.0007429583376930951,0.0007429583376930951,0.00221141178135442,1
407,2023-11-16 15:30:00,0.0015081624483217,0.000640782682688592,0.000640782682688592,0.0026705974063804313,1
408,2023-11-17 15:30:00,0.1167006611641927,0.0005826746717745565,0.0005826746717745565,0.004325969410803163,1
409,2023-11-21 17:15:00,0.102563286081524,0.0005853155693595161,0.0005853155693595161,0.003259150928959782,1
410,2023-11-22 11:30:00,0.0502388080635467,0.0006212411323784224,0.0006212411323784224,0.005045665146261619,1
411,2023-11-28 17:30:00,0.0408433840265011,0.0006183176170525343,0.0006183176170525343,0.0018905487311727674,1
412,2023-11-30 10:30:00,0.0205384944928157,0.0006308282079834579,0.0006308282079834579,0.0040542703280404555,1
413,2023-12-01 18:00:00,-0.0602116390916203,0.000712899453493651,0.000712899453493651,0.0033197111719009274,1
414,2023-12-04 13:15:00,0.1156464672119078,0.000578556291984815,0.000578556291984815,0.006622296434095965,1
415,2023-12-05 12:30:00,0.1204030006926502,0.0005732353702733076,0.0005732353702733076,0.005089116596424,1
416,2023-12-07 20:15:00,0.116809374366861,0.0005702546981661507,0.0005702546981661507,0.002019790924952064,1
417,2023-12-08 16:30:00,-0.0006562046948393,0.0006284610782246822,0.0006284610782246822,0.002740071284269839,1
418,2023-12-12 15:30:00,-0.02609053920147,0.0006196394613631824,0.0006196394613631824,0.0014010867671702646,1
419,2023-12-13 21:00:00,-1.0160243411733332,0.0014082797493100018,0.0014082797493100018,0.005725671266484838,1
420,2023-12-14 15:15:00,0.0805167917802689,0.0005806090669854495,0.0005806090669854495,0.007589061525559002,1
421,2023-12-15 10:15:00,-0.1051094558429698,0.0006875959265473794,0.0006875959265473794,0.006898976966343443,1
422,2023-12-19 15:00:00,0.0258342822970357,0.0006114603412380246,0.0006114603412380246,0.0025886206359369292,1
423,2023-12-20 17:30:00,0.0989353536936762,0.0005609715238768258,0.0005609715238768258,0.003771125715784254,1
424,2023-12-27 16:45:00,0.0740648997403563,0.0005615545612748349,0.0005615545612748349,0.0015567846997784015,1
425,2023-12-28 15:45:00,-0.2218804031187475,0.0008302830253934108,0.0008302830253934108,0.0035520813395779876,1
426,2023-12-29 14:45:00,-0.0330644608308464,0.0006879869133302887,0.0006879869133302887,0.002088089163473892,1
427,2024-01-02 10:00:00,0.035501968480337,0.0005650519927596453,0.0005650519927596453,0.008082028811318165,1
428,2024-01-03 21:15:00,-0.1128158923240686,0.000694569516698251,0.000694569516698251,0.0012992599706804478,1
429,2024-01-05 17:00:00,-0.3138892603741894,0.0008611900751158149,0.0008611900751158149,0.004543844896673804,1
430,2024-01-09 14:15:00,0.1294745847520048,0.0005508598871035054,0.0005508598871035054,0.00211398188955773,1
431,2024-01-11 15:30:00,-0.216246571597974,0.0007871709112999613,0.0007871709112999613,0.002708163068886135,1
432,2024-01-12 17:15:00,0.0928526471626912,0.0005552861955728964,0.0005552861955728964,0.0033027419033728094,1
433,2024-01-16 13:30:00,0.0985425432190246,0.0005561817477174473,0.0005561817477174473,0.0027212652281694205,1
434,2024-01-17 17:00:00,0.0718602221840202,0.0005903494374226491,0.0005903494374226491,0.003216382415891692,1
435,2024-01-18 16:00:00,0.1048544126646585,0.0005488889616121764,0.0005488889616121764,0.0019401502115947392,1
436,2024-01-23 17:45:00,0.0971407326419602,0.0005496458865344227,0.0005496458865344227,0.0027386035493359947,1
437,2024-01-24 13:45:00,0.1032426676380734,0.0005706890320722675,0.0005706890320722675,0.003546736736947615,1
438,2024-01-25 17:45:00,0.1255369429716203,0.0005397721147446915,0.0005397721147446915,0.0015591919349908635,1
439,2024-01-30 17:00:00,0.0492250674092097,0.0005717245600009982,0.0005717245600009982,0.00139501604719087,1
440,2024-01-31 17:15:00,0.1282926841591104,0.000535228711150885,0.000535228711150885,0.005667934198162517,1
441,2024-02-01 18:00:00,0.0866362907394871,0.0005621371612949781,0.0005621371612949781,0.0034069073403402116,1
442,2024-02-02 15:30:00,-0.7791872089712891,0.0012212707068519606,0.0012212707068519606,0.005361893486399301,1
443,2024-02-07 20:00:00,0.1323853472017647,0.0005381444299692408,0.0005381444299692408,0.001252476123149394,1
444,2024-02-09 16:15:00,0.0293430273988933,0.000557933430822803,0.000557933430822803,0.002048639669375258,1
445,2024-02-13 15:30:00,-1.2531517819365767,0.0015993103757324927,0.0015993103757324927,0.0015127889556636545,0
446,2024-02-15 15:30:00,0.0044044513564333,0.0005345153410212324,0.0005345153410212324,0.001403000420613682,1
447,2024-02-16 15:30:00,-0.0462517921230283,0.0006030826957407269,0.0006030826957407269,0.004338643433379191,1
448,2024-02-22 10:30:00,-0.1663589073931876,0.0006762288751695339,0.0006762288751695339,0.0054258691756211815,1
449,2024-02-29 14:00:00,0.1168081053428463,0.0005254820018776389,0.0005254820018776389,0.002774799220168504,1
450,2024-03-01 17:00:00,0.026787481832069,0.0005676648959139002,0.0005676648959139002,0.0025199509345131947,1
451,2024-03-05 17:00:00,-0.0154116047235862,0.0005445086617708617,0.0005445086617708617,0.002358144055189041,1
452,2024-03-07 16:00:00,0.035654568145199,0.0005319682649326806,0.0005319682649326806,0.006172124244964918,1
453,2024-03-08 15:30:00,-0.1989660910542227,0.0007351606850572772,0.0007351606850572772,0.003451207238316582,1
454,2024-03-12 18:15:00,0.1341021986981049,0.0005172506650348054,0.0005172506650348054,0.0018499020798202846,1
455,2024-03-20 22:00:00,0.0029380272797323,0.0005550323117784552,0.0005550323117784552,0.003122184217935775,1
456,2024-03-21 12:30:00,0.1012521201108551,0.0005198834363700653,0.0005198834363700653,0.0047417842936402395,1
457,2024-03-28 15:45:00,0.1059696011222387,0.0005134777320119634,0.0005134777320119634,0.0022416549458838825,1
458,2024-04-01 17:15:00,-0.0047323540815765,0.0005069036302973249,0.0005069036302973249,0.0012853232773749773,1
459,2024-04-05 15:30:00,-0.1906969406936095,0.00069796256248942,0.00069796256248942,0.002327300644097563,1
460,2024-04-10 15:30:00,-1.4181154323846663,0.0017142076824270375,0.0017142076824270375,0.004732757314980866,1
461,2024-04-11 16:30:00,-0.0450656853635649,0.0006240589950591319,0.0006240589950591319,0.0031623308178624974,1
462,2024-04-12 12:15:00,0.1104309076051439,0.0005111268839988872,0.0005111268839988872,0.002893705395822847,1
463,2024-04-15 18:00:00,0.136069821252812,0.0004997930260762324,0.0004997930260762324,0.0022976393399246034,1
464,2024-04-16 12:15:00,0.0315888494924702,0.0005204857360565889,0.0005204857360565889,0.0024729795065719655,1
465,2024-04-17 11:30:00,0.080736920113767,0.0005089349950685122,0.0005089349950685122,0.002616808145009174,1
466,2024-04-19 06:15:00,0.0925120390664435,0.000502909086735847,0.000502909086735847,0.0036132123192346133,1
467,2024-04-19 16:15:00,0.0788378817581576,0.0005102747805705895,0.0005102747805705895,0.0029468371003458925,1
468,2024-04-23 10:30:00,-0.0464641356101789,0.0005727996176384273,0.0005727996176384273,0.0024841472702607473,1
469,2024-04-25 15:30:00,-0.0475803863414796,0.0006141537484011461,0.0006141537484011461,0.004135303881878596,1
470,2024-04-29 12:30:00,0.0912868826833602,0.0005239931819798164,0.0005239931819798164,0.0021203764839057655,1
471,2024-04-30 15:30:00,0.0885422238781117,0.0005307625809957065,0.0005307625809957065,0.004333934510982844,1
472,2024-05-01 21:30:00,-0.1911685660885353,0.0007086818048380962,0.0007086818048380962,0.0032317146859327287,1
473,2024-05-02 13:00:00,0.1097418607255316,0.0004962608370764799,0.0004962608370764799,0.003033572278173426,1
474,2024-05-03 15:30:00,-0.4312308673036542,0.0009275870331128049,0.0009275870331128049,0.003610028466888558,1
475,2024-05-09 15:30:00,-0.1194664075580428,0.0006503139938074415,0.0006503139938074415,0.002199975824298125,1
476,2024-05-10 17:30:00,0.0696495913016327,0.0004944949725464006,0.0004944949725464006,0.0010026924988258098,1
477,2024-05-14 17:45:00,0.126050277946063,0.0004973746981217471,0.0004973746981217471,0.0009797669678015247,1
478,2024-05-15 15:30:00,-0.2846385552711313,0.0007860350682804858,0.0007860350682804858,0.002663829283623673,1
479,2024-05-23 11:00:00,-0.0355104259351227,0.0005016040979507789,0.0005016040979507789,0.0033539870394772068,1
480,2024-05-23 16:45:00,-0.0313104111212644,0.0005860057703673198,0.0005860057703673198,0.002661935910803433,1
481,2024-05-29 15:45:00,0.1353855151061493,0.0004860568505825767,0.0004860568505825767,0.004667054046543914,1
482,2024-05-31 15:30:00,-0.0175523536387712,0.0005480851397962487,0.0005480851397962487,0.003195494037446071,1
483,2024-06-03 17:00:00,-0.1021506767430449,0.0006134714354741416,0.0006134714354741416,0.003285310837836925,1
484,2024-06-05 17:00:00,-0.0299582236040131,0.000559302072869109,0.000559302072869109,0.002674842919745679,1
485,2024-06-06 15:15:00,-0.0114944634320806,0.0005248212556038766,0.0005248212556038766,0.0013233471581581442,1
486,2024-06-07 15:30:00,-0.8415899919622045,0.0012916382610418168,0.0012916382610418168,0.006120871213932025,1
487,2024-06-10 00:00:00,-0.196486799741694,0.0007094362599804247,0.0007094362599804247,0.0019426596371150317,1
488,2024-06-11 13:15:00,0.1254297701883638,0.0004849696945144573,0.0004849696945144573,0.0019380934487577698,1
489,2024-06-12 15:30:00,-0.507638926683267,0.0010195558264950203,0.0010195558264950203,0.0032495735838700642,1
490,2024-06-13 16:45:00,0.0553314809796517,0.0005387252261842985,0.0005387252261842985,0.004850995043521783,1
491,2024-06-14 12:45:00,0.0884680922782137,0.0004914279451912108,0.0004914279451912108,0.0018323755886579703,1
492,2024-06-18 16:45:00,0.124890994051914,0.0004976181853333745,0.0004976181853333745,0.001396661276020193,1
493,2024-06-21 11:00:00,-0.0394292452022576,0.0005132430535848217,0.0005132430535848217,0.000795533821724002,1
494,2024-06-26 17:45:00,0.0920776293884011,0.0004943420487495311,0.0004943420487495311,0.0010388347268603876,1
495,2024-06-27 15:30:00,0.0462733808878127,0.000488009856681467,0.000488009856681467,0.001438069872814101,1
496,2024-06-28 17:45:00,0.0558199429595497,0.0005234040022093949,0.0005234040022093949,0.0036136426243766405,1
497,2024-07-01 00:00:00,-0.1166787024820082,0.0006747837966098367,0.0006747837966098367,0.0029091537969804277,1
498,2024-07-02 17:45:00,0.0242837806225992,0.0005129720146647986,0.0005129720146647986,0.0010337939759225824,1
499,2024-07-03 17:00:00,-0.0235959737636449,0.0006073929182700427,0.0006073929182700427,0.0032605301306459543,1
500,2024-07-08 00:00:00,-0.0957325398404496,0.000584608770094213,0.000584608770094213,0.002798677305078762,1
501,2024-07-11 15:30:00,-0.5981335559676257,0.0010637067299991759,0.0010637067299991759,0.003336844862776574,1
502,2024-07-16 16:00:00,0.006676569512181,0.00048359182936584094,0.00048359182936584094,0.002764830566920351,1
503,2024-07-17 11:30:00,0.0363776432076434,0.00047489237418211024,0.00047489237418211024,0.0010971128749525804,1
504,2024-07-31 19:00:00,0.1408766285791809,0.00046695704142624817,0.00046695704142624817,0.001829201204765232,1
505,2024-08-01 14:00:00,0.0876029508085075,0.0005188768866131509,0.0005188768866131509,0.001397870096122823,1
506,2024-08-02 15:30:00,-0.1501566530545025,0.0006960155346019435,0.0006960155346019435,0.005351803512294018,1
507,2024-08-05 08:45:00,0.0188633638279771,0.0005453561127010025,0.0005453561127010025,0.007741644317635169,1
508,2024-08-08 15:30:00,-0.0299259234003648,0.0005737051123616059,0.0005737051123616059,0.0017346535731753696,1
509,2024-08-14 16:30:00,-0.0540759729352239,0.0005746866521717549,0.0005746866521717549,0.0033660137297597346,1
510,2024-08-15 15:30:00,-0.5837927469696318,0.0010370329128246726,0.0010370329128246726,0.002451193791714148,1
511,2024-08-20 19:00:00,0.1281882972626281,0.00047534915869287814,0.00047534915869287814,0.0015553990305977614,1
512,2024-08-21 21:30:00,0.0321487425694086,0.0005122645722519133,0.0005122645722519133,0.0017399575678609708,1
513,2024-08-22 13:30:00,0.1408091547824373,0.0004603803359492352,0.0004603803359492352,0.0038665635798888964,1
514,2024-08-23 17:00:00,-0.5467176792715458,0.0010649033000741485,0.0010649033000741485,0.0030763751681606322,1
515,2024-08-27 20:00:00,0.1507143108533019,0.00045057074008200725,0.00045057074008200725,0.0018808614513861936,1
516,2024-08-28 11:15:00,0.1066960572803659,0.00046712459179727977,0.00046712459179727977,0.0033438834552369724,1
517,2024-08-29 11:00:00,-0.4323907416753302,0.0009251874639643893,0.0009251874639643893,0.0023750084536226005,1
518,2024-08-30 13:30:00,0.1511879548302521,0.00045703456798717166,0.00045703456798717166,0.002739467652993855,1
519,2024-09-03 16:00:00,0.1009216535190084,0.0004541290570445751,0.0004541290570445751,0.002409203230333099,1
520,2024-09-04 17:30:00,0.087703535460697,0.0004542672416114185,0.0004542672416114185,0.0018418539308333976,1
521,2024-09-05 15:30:00,-0.0101296032904964,0.0005533050833865266,0.0005533050833865266,0.001911736113468656,1
522,2024-09-06 15:30:00,-0.0675672672237296,0.0005798679200150294,0.0005798679200150294,0.005539232277949707,1
523,2024-09-09 17:45:00,0.1223819728082547,0.0004719516459218816,0.0004719516459218816,0.0011236465320709243,1
524,2024-09-11 15:30:00,-0.2300762638321141,0.0007312737504059937,0.0007312737504059937,0.00141608367663184,1
525,2024-09-18 18:30:00,0.1534393045798909,0.00045036145487920297,0.00045036145487920297,0.0051514123216747565,1
526,2024-09-20 18:30:00,0.0249233676642027,0.000568794372468252,0.000568794372468252,0.001675079778792344,1
527,2024-09-23 10:15:00,-0.0504758813215696,0.0004767248059229903,0.0004767248059229903,0.0035655476579348586,1
528,2024-09-24 17:00:00,0.0635034344445532,0.000501318924716677,0.000501318924716677,0.003454513091929465,1
529,2024-09-25 18:15:00,0.1347473812436154,0.00044908503074555205,0.00044908503074555205,0.002827383503754344,1
530,2024-09-26 15:00:00,0.1565742429895176,0.00045108024616106335,0.00045108024616106335,0.0022825031503783664,1
531,2024-09-27 10:00:00,0.0323108464958889,0.00045280297963618996,0.00045280297963618996,0.0055964364784127415,1
532,2024-09-30 12:00:00,0.09122755262255,0.00046737965479755767,0.00046737965479755767,0.006650140571427586,1
533,2024-10-01 10:00:00,-0.0107889195070726,0.0004982886167391307,0.0004982886167391307,0.005802924958019927,1
534,2024-10-03 17:30:00,0.0735514514697359,0.0004467059976783057,0.0004467059976783057,0.002194972401054597,1
535,2024-10-04 15:30:00,-0.8149799540346065,0.001249574021515814,0.001249574021515814,0.001304714949800625,1
536,2024-10-10 17:15:00,0.0822961245920865,0.0004427386117745779,0.0004427386117745779,0.0019429048864915387,1
537,2024-10-17 15:30:00,-0.0269817995648526,0.0005432189148598563,0.0005432189148598563,0.0026229280987547635,1
538,2024-10-22 16:45:00,0.072159955958868,0.00044097499044806114,0.00044097499044806114,0.0011851524030095798,1
539,2024-10-23 18:00:00,0.1112436788084379,0.00045211444943599085,0.00045211444943599085,0.001614639747990086,1
540,2024-10-24 10:30:00,-0.1927875895405054,0.0006102797159306895,0.0006102797159306895,0.002719353471101294,1
541,2024-10-25 18:15:00,0.0927233133857814,0.000479354934126887,0.000479354934126887,0.003054624573926954,1
542,2024-10-29 17:15:00,0.0560602533375302,0.0005158499979220639,0.0005158499979220639,0.0018863742832975628,1
543,2024-10-30 11:30:00,-0.0218611390203585,0.0004365682650332333,0.0004365682650332333,0.002910026858066461,1
544,2024-10-31 16:45:00,-0.0357849801086461,0.0005296338673654513,0.0005296338673654513,0.0026119040351597063,1
545,2024-11-01 15:30:00,-0.2916704787305653,0.0008532467591510243,0.0008532467591510243,0.006184675876258237,1
546,2024-11-04 15:15:00,0.1196549517905527,0.0004677212402973437,0.0004677212402973437,0.0020121932797621395,1
547,2024-11-05 18:00:00,0.1171508114260653,0.00044900747603728014,0.00044900747603728014,0.01784523339172375,1
548,2024-11-06 02:00:00,-0.3784692311644933,0.0008555966777986972,0.0008555966777986972,0.017294805774101977,1
549,2024-11-07 03:30:00,0.0633369980660221,0.0004384409547777631,0.0004384409547777631,0.006908988209529514,1
550,2024-11-08 12:30:00,0.160068319949473,0.0004503397876868958,0.0004503397876868958,0.006895615079134311,1
551,2024-11-11 10:15:00,0.1176569352861247,0.00044015846176817877,0.00044015846176817877,0.004005427214160341,1
552,2024-11-12 11:45:00,0.1245357803112112,0.00047093323710438266,0.00047093323710438266,0.0025822274267300357,1
553,2024-11-13 11:15:00,0.0700207090616725,0.00047224183895776256,0.00047224183895776256,0.005996212506971594,1
554,2024-11-14 11:15:00,0.1062127965568375,0.0004578826870519449,0.0004578826870519449,0.005109185352064222,1
555,2024-11-18 11:15:00,0.0781025928655587,0.00046668452364636605,0.00046668452364636605,0.0034105059534126642,1
556,2024-11-19 09:00:00,0.0181209971880496,0.00045691993993902073,0.00045691993993902073,0.0037804004490035073,1
557,2024-11-20 12:15:00,0.1613240748736423,0.0004485879320758774,0.0004485879320758774,0.003598577746728533,1
558,2024-11-21 11:00:00,0.0718122368626199,0.00046225890248988264,0.00046225890248988264,0.006019237770380062,1
559,2024-11-22 09:30:00,0.0678195654961097,0.0004536142671678484,0.0004536142671678484,0.013963944283638065,1
560,2024-11-27 10:15:00,-0.0134082548235667,0.0005426888440252192,0.0005426888440252192,0.004926585047402374,1
561,2024-11-28 11:15:00,0.1597644055085627,0.00044120233066019825,0.00044120233066019825,0.0020008635989367854,1
562,2024-11-29 04:00:00,0.1351575345673775,0.0004522774138678415,0.0004522774138678415,0.0024760909335494853,1
563,2024-12-02 09:30:00,0.0117351997635832,0.0004970459688492716,0.0004970459688492716,0.003700211166363904,1
564,2024-12-03 10:30:00,0.0775426871648993,0.0004593500140871221,0.0004593500140871221,0.0031304588514085036,1
565,2024-12-04 13:30:00,0.1542861855623193,0.00045613941232095867,0.00045613941232095867,0.0031156680294249,1
566,2024-12-05 10:45:00,0.1473049479668421,0.0004536072704416349,0.0004536072704416349,0.005389214750232869,1
567,2024-12-06 15:30:00,-0.2383983683501446,0.0008091626461504604,0.0008091626461504604,0.006871255302407675,1
568,2024-12-09 09:45:00,0.0512009497260634,0.0004617273677629285,0.0004617273677629285,0.0025904790797654374,1
569,2024-12-10 17:30:00,0.0979901350837096,0.0004534500143804372,0.0004534500143804372,0.0030983316617944367,1
570,2024-12-11 09:30:00,0.0218961086263745,0.00045784733591399513,0.00045784733591399513,0.004033759619801321,1
571,2024-12-12 15:30:00,0.0472295714281113,0.0004969919043689865,0.0004969919043689865,0.002948658303096623,1
572,2024-12-13 11:45:00,0.0971550168381297,0.0004873104136423829,0.0004873104136423829,0.0032085639937979734,1
573,2024-12-16 12:30:00,0.1446631847694421,0.000460073408574025,0.000460073408574025,0.0025604064948294356,1
574,2024-12-18 17:45:00,0.1308034305532116,0.0004504765351873103,0.0004504765351873103,0.012171198140932565,1
575,2024-12-20 08:15:00,0.0036956521815365,0.0004784339198155058,0.0004784339198155058,0.007413673706974753,1
576,2024-12-23 13:00:00,0.1231774977094185,0.00046172396846458884,0.00046172396846458884,0.0018835835931154436,1
577,2024-12-24 17:15:00,0.1283196580759414,0.00047942888845443454,0.00047942888845443454,0.0009913426766764053,1
578,2024-12-26 20:00:00,0.1220735745061978,0.00045031416129186913,0.00045031416129186913,0.0013538493150261352,1
579,2024-12-27 12:30:00,0.1609748910415954,0.0004520819125955018,0.0004520819125955018,0.002263442548440722,1
580,2024-12-30 13:15:00,0.1631464663737538,0.0004524266755386221,0.0004524266755386221,0.006569240504684094,1
581,2024-12-31 14:45:00,0.1281258121705003,0.00045562105284620465,0.00045562105284620465,0.004426727646205883,1
582,2025-01-02 12:30:00,0.1307123076717474,0.0004628510045121862,0.0004628510045121862,0.009162030755220044,1
583,2025-01-03 13:15:00,0.1121401138487095,0.0004797504962255129,0.0004797504962255129,0.002216584452335273,1
584,2025-01-06 10:45:00,0.044126010125976,0.0004767453817401794,0.0004767453817401794,0.008294730108260779,1
585,2025-01-07 09:45:00,0.0434022422927738,0.0004750660196937003,0.0004750660196937003,0.006019617994078283,1
586,2025-01-08 13:15:00,0.1169422727459328,0.0004760022726624666,0.0004760022726624666,0.0022305202478628138,1
587,2025-01-09 11:45:00,0.1410803130005453,0.0004565157593117963,0.0004565157593117963,0.0010097382335046156,1
588,2025-01-10 15:30:00,-0.6830511685822369,0.0011687043253358594,0.0011687043253358594,0.0021246328870193876,1
589,2025-01-13 09:15:00,0.1148632201851897,0.00047388489061640424,0.00047388489061640424,0.0021139380933185236,1
590,2025-01-15 12:15:00,0.1458112057516773,0.00046061516686024957,0.00046061516686024957,0.0038064290267604633,1
591,2025-01-16 14:30:00,0.1390243719407214,0.00045663453158882697,0.00045663453158882697,0.004626667921566108,1
592,2025-01-17 15:45:00,0.1044776011159299,0.0004628099058140387,0.0004628099058140387,0.0032698317082313685,1
593,2025-01-20 15:30:00,-0.9342411855762578,0.0014925405653132499,0.0014925405653132499,0.004680698058400527,1
594,2025-01-22 01:00:00,-0.1841379748360717,0.0006928802042781777,0.0006928802042781777,0.005707257934426959,1
595,2025-01-22 12:15:00,0.12997639398173,0.0004640532715004232,0.0004640532715004232,0.004563372537681307,1
596,2025-01-23 18:15:00,0.1308780692718905,0.00047191530299187855,0.00047191530299187855,0.003931463443129963,1
597,2025-01-24 06:30:00,0.1513438090512146,0.00046999557987360396,0.00046999557987360396,0.006774770427771431,1
598,2025-01-27 09:45:00,0.0576701204892389,0.00046307265168977953,0.00046307265168977953,0.0062253226708465555,1
599,2025-01-28 01:15:00,-0.2263912883263871,0.0007098810760892412,0.0007098810760892412,0.0020124587529930884,1
600,2025-01-29 11:30:00,0.1332717545062654,0.00046397133098239967,0.00046397133098239967,0.002596105379172025,1
601,2025-01-30 14:15:00,0.1180151982795658,0.0004771961850048667,0.0004771961850048667,0.0052166860088827096,1
602,2025-01-30 22:30:00,-0.4590518339914085,0.0009385732247580935,0.0009385732247580935,0.002182703668024433,1
603,2025-01-31 11:00:00,0.0834656407263892,0.0004749094033894052,0.0004749094033894052,0.005691556887478909,1
604,2025-02-05 09:15:00,0.0900603887259474,0.000522660168056308,0.000522660168056308,0.00173782009775915,1
605,2025-02-06 16:45:00,0.1054210838762838,0.00049331336372976,0.00049331336372976,0.0031220515251260414,1
606,2025-02-07 17:15:00,0.1506333905783662,0.0004781415809320577,0.0004781415809320577,0.007782592423643717,1
607,2025-02-10 14:00:00,0.0851011878947742,0.0004942659691300711,0.0004942659691300711,0.0013474412775550731,1
608,2025-02-11 21:30:00,0.0647038566783709,0.000491519391829247,0.000491519391829247,0.0007529466632401505,1
609,2025-02-12 15:30:00,-0.2741393690932426,0.000861437136117789,0.000861437136117789,0.009415439642060337,1
610,2025-02-13 13:45:00,0.0097682053865348,0.0005842007345156564,0.0005842007345156564,0.0062006341779331075,1
611,2025-02-14 12:30:00,0.1236148562828774,0.0004991884103934487,0.0004991884103934487,0.0038997556061764796,1
612,2025-02-19 21:30:00,0.1331707853498973,0.0004814942302099314,0.0004814942302099314,0.0008245130088207699,1
613,2025-02-20 17:00:00,0.1014316931515241,0.0004881910417350032,0.0004881910417350032,0.0046567635730530585,1
614,2025-02-21 10:15:00,-0.0159627074210348,0.0005345275571899628,0.0005345275571899628,0.0018450983470973794,1
615,2025-02-24 02:30:00,0.0500428671274531,0.0004870398942396382,0.0004870398942396382,0.0031590792633950336,1
616,2025-02-24 12:45:00,0.1192150148243449,0.0005033175237109945,0.0005033175237109945,0.0019199088926269558,1
617,2025-02-25 13:15:00,0.1493488194592541,0.0004829139292504322,0.0004829139292504322,0.004029210040312479,1
618,2025-02-26 15:00:00,0.1048870360944092,0.0004933751542642485,0.0004933751542642485,0.0033888656897106935,1
619,2025-02-27 15:30:00,-0.0425165511654198,0.0006319848926483417,0.0006319848926483417,0.006397643095367044,1
620,2025-02-28 18:15:00,0.1092239184404207,0.0005039967343744287,0.0005039967343744287,0.003467743856872392,1
621,2025-03-03 11:45:00,0.0017206766479987,0.0005448589872359895,0.0005448589872359895,0.006805153045876877,1
622,2025-03-04 10:15:00,-0.0762908833200476,0.0006485785998343798,0.0006485785998343798,0.009464121443852107,1
623,2025-03-06 06:45:00,0.129336389895863,0.0005037272034949538,0.0005037272034949538,0.0033177028329573195,1
624,2025-03-07 11:00:00,0.0816488828424875,0.0005323485490289323,0.0005323485490289323,0.0032627358480395397,1
625,2025-03-10 11:15:00,0.0163554286221643,0.0005235664532837184,0.0005235664532837184,0.004417909373886061,1
626,2025-03-11 09:15:00,-0.0158795734469863,0.0005810369280176185,0.0005810369280176185,0.007576280220417796,1
627,2025-03-12 15:45:00,0.077938112000962,0.0005213528131829659,0.0005213528131829659,0.004339078173195577,1
628,2025-03-13 10:45:00,0.1057823544874237,0.0005062200433223404,0.0005062200433223404,0.003919457954193507,1
629,2025-03-14 11:00:00,0.090109496514351,0.0005171137141635711,0.0005171137141635711,0.005561928555982534,1
630,2025-03-18 13:15:00,0.1080752106024545,0.0005425836817227208,0.0005425836817227208,0.003031290527046154,1
631,2025-03-19 10:30:00,-0.1030723691013377,0.0006291400798278295,0.0006291400798278295,0.0029179418947447044,1
632,2025-03-20 12:15:00,0.0700529795769899,0.0005867637407176052,0.0005867637407176052,0.0017449997272549766,1
633,2025-03-21 13:15:00,0.0816940871973608,0.0005256141839719764,0.0005256141839719764,0.002472029521159103,1
634,2025-03-24 11:30:00,0.0859863292734898,0.0005275334992233877,0.0005275334992233877,0.005547197642163149,1
635,2025-03-25 14:45:00,0.1032924159608548,0.000531838212063095,0.000531838212063095,0.0028605436020121043,1
636,2025-03-26 20:15:00,-0.0299865485522838,0.000691389666441548,0.000691389666441548,0.00272030694592345,1
637,2025-03-27 12:45:00,0.1468771223269739,0.0005180962322906782,0.0005180962322906782,0.004132543592982479,1
638,2025-03-28 17:30:00,0.1382098330048354,0.000520474979273548,0.000520474979273548,0.002021386768409029,1
639,2025-04-01 13:00:00,0.0399053808282528,0.0005853004382007079,0.0005853004382007079,0.0014830471917183588,1
640,2025-04-02 17:45:00,-0.0371702922042722,0.0006495186022448256,0.0006495186022448256,0.005822245607817478,1
641,2025-04-16 09:00:00,-0.0474034797946852,0.0006211292281522837,0.0006211292281522837,0.0018630489078331216,1
642,2025-04-21 01:00:00,-0.1751037453640437,0.0006586887518088435,0.0006586887518088435,0.012860402778033792,1
643,2025-04-28 09:45:00,0.043196773010368,0.0005791308248426771,0.0005791308248426771,0.007210533953289177,1
644,2025-04-29 05:00:00,-0.069886187229438,0.0006666361053055428,0.0006666361053055428,0.003948793730519702,1
645,2025-04-30 09:00:00,0.1475850872763008,0.0005974315231677725,0.0005974315231677725,0.003690869957787739,1
646,2025-05-01 10:45:00,0.1085941300872391,0.0005834972404155585,0.0005834972404155585,0.0037118285037115997,1
647,2025-05-02 13:15:00,0.1133950600749786,0.000582957097680161,0.000582957097680161,0.004763702417528268,1
648,2025-05-06 19:00:00,0.134889306106506,0.0006067053877725986,0.0006067053877725986,0.00429759714568048,1
649,2025-05-09 17:30:00,0.0247800618681745,0.0005939906731136287,0.0005939906731136287,0.006306924251987331,1
650,2025-05-12 00:00:00,-0.192099165655503,0.0007995066748272808,0.0007995066748272808,0.010234053345915615,1
651,2025-05-13 17:30:00,0.0961034074349423,0.000628586225304049,0.000628586225304049,0.004018244093592173,1
652,2025-05-14 11:30:00,0.0585208839194916,0.0006197813111208187,0.0006197813111208187,0.005866323951873901,1
653,2025-05-15 14:00:00,0.1634967936250915,0.0005993811921168935,0.0005993811921168935,0.0023558608445559586,1
654,2025-05-16 17:30:00,0.0172638065231357,0.000621937932628396,0.000621937932628396,0.003444561674760503,1
655,2025-05-19 03:45:00,0.1435974086027206,0.0006017453368767334,0.0006017453368767334,0.007350357006003663,1
656,2025-05-20 12:30:00,0.1255016889172194,0.0006034779784176327,0.0006034779784176327,0.00278687686474934,1
657,2025-05-21 13:15:00,0.0682972829099916,0.0006522685513473845,0.0006522685513473845,0.003615874967710746,1
658,2025-05-22 11:45:00,0.0695464049458203,0.0006165534342443427,0.0006165534342443427,0.0038208758247947313,1
659,2025-05-23 13:15:00,0.1564285587313355,0.0006003163098974868,0.0006003163098974868,0.0033546413747354456,1
660,2025-05-27 10:15:00,0.047417436712627,0.0006325478334707585,0.0006325478334707585,0.0019583979159251536,1
661,2025-05-28 09:00:00,0.1224504918813265,0.00060294394741707,0.00060294394741707,0.002835127426218829,1
662,2025-05-28 19:15:00,0.1567747611856889,0.0006021119772923989,0.0006021119772923989,0.007536473638040057,1
663,2025-05-29 02:30:00,-0.6349620835701403,0.0012186054268067213,0.0012186054268067213,0.00704052974038344,1
664,2025-05-30 12:00:00,0.0688771841116163,0.0006136789578913496,0.0006136789578913496,0.0031903294941515417,1
665,2025-06-02 17:00:00,0.0462998822060149,0.0006322626414701141,0.0006322626414701141,0.0022488929091228076,1
666,2025-06-04 17:00:00,0.0644159733716933,0.0006867913966663677,0.0006867913966663677,0.0010151840892877147,1
667,2025-06-05 16:00:00,-0.136946992181471,0.0007695958298595716,0.0007695958298595716,0.002622946609294524,1
668,2025-06-06 17:00:00,0.010959893780823,0.0006212791474482803,0.0006212791474482803,0.001676328619373173,1
669,2025-06-10 13:15:00,0.1551784453494162,0.0006180154043884621,0.0006180154043884621,0.0020990955361353553,1
670,2025-06-11 15:30:00,-0.1674129740379198,0.0008198381724411749,0.0008198381724411749,0.003976217570238666,1
671,2025-06-12 12:15:00,0.1463294345703619,0.0006084687707757005,0.0006084687707757005,0.006047422834114643,1
672,2025-06-13 03:00:00,-0.4050132765282199,0.0009480227732767095,0.0009480227732767095,0.005862982969930217,1
673,2025-06-16 10:15:00,0.0074957361567901,0.0006127075046065271,0.0006127075046065271,0.0023630682573103955,1
674,2025-06-17 17:30:00,-0.0442627959724406,0.0007124485750093176,0.0007124485750093176,0.0031410312911234538,1
675,2025-06-18 17:00:00,-0.0536390650703717,0.0006845648274603137,0.0006845648274603137,0.0054770324170573025,1
676,2025-06-23 00:00:00,-0.4476847724328253,0.0010541634597556718,0.0010541634597556718,0.003794245312157688,1
677,2025-06-23 16:30:00,0.080223468648208,0.0006991076707965157,0.0006991076707965157,0.010201695793253251,1
678,2025-06-24 17:15:00,-0.0385528954021099,0.0007480594764866759,0.0007480594764866759,0.00240988859012811,1
679,2025-06-26 11:00:00,0.0620564998566556,0.0006443679398787962,0.0006443679398787962,0.0031931451409659057,1
680,2025-06-27 16:15:00,0.0044750342816564,0.0006314334457132861,0.0006314334457132861,0.00255384346835148,1
681,2025-06-30 19:15:00,0.0907777482898044,0.0006275931366352891,0.0006275931366352891,0.0035497166931360356,1
682,2025-07-02 15:30:00,-0.0635251672883616,0.000684853016976787,0.000684853016976787,0.003937647763683754,1
683,2025-07-03 15:30:00,-0.4242256645110918,0.001071971898644935,0.001071971898644935,0.0033861133775265548,1
684,2025-07-07 20:30:00,0.0686385795435132,0.0006724021159316565,0.0006724021159316565,0.0032912717295734114,1
685,2025-07-16 17:45:00,0.0114447685222037,0.000719962095276113,0.000719962095276113,0.008316056241657386,1
686,2025-07-17 11:15:00,0.1527032457947366,0.0006223307709872966,0.0006223307709872966,0.00253702113918791,1
687,2025-07-24 16:45:00,-0.0255964682742051,0.000621504063766392,0.000621504063766392,0.0024751961534105376,1
688,2025-07-25 18:15:00,0.1699241069903456,0.0006250841006038169,0.0006250841006038169,0.002365696813567348,1
689,2025-07-28 11:15:00,0.0404121658410997,0.0006493767594029564,0.0006493767594029564,0.00837019134917775,1
690,2025-07-29 09:45:00,-0.0947677139924105,0.0007206924839840493,0.0007206924839840493,0.004714480430143855,1
691,2025-07-30 16:45:00,0.1640011568928693,0.0006364306712430728,0.0006364306712430728,0.0056575629326973634,1
692,2025-07-30 21:30:00,0.0540800240371537,0.0006342286811466271,0.0006342286811466271,0.0047328566355069514,1
693,2025-07-31 13:45:00,0.1426019690131215,0.0006374313063042213,0.0006374313063042213,0.0027311658564291527,1
694,2025-08-01 15:30:00,-1.9143996014331328,0.0026443327184344436,0.0026443327184344436,0.005535675907158705,1
695,2025-08-04 15:15:00,0.0922969287016575,0.0006705060984411303,0.0006705060984411303,0.0017021574846495739,1
696,2025-08-06 17:00:00,0.1464416529598383,0.0006402941115075386,0.0006402941115075386,0.0034602259198882584,1
697,2025-08-07 22:30:00,0.0513816368050583,0.0006459657135440921,0.0006459657135440921,0.001963096149180758,1
698,2025-08-12 15:30:00,-0.2887589406776457,0.0008822998192939957,0.0008822998192939957,0.004010047616155212,1
699,2025-08-22 17:00:00,-1.0119856325044752,0.0016182339578378038,0.0016182339578378038,0.004918462652042631,1
700,2025-08-26 03:00:00,-0.047387635831862,0.0007173566374333586,0.0007173566374333586,0.003284639966339495,1
701,2025-08-28 17:30:00,0.1194625301267567,0.0006311469042149331,0.0006311469042149331,0.0017715554521319826,1
702,2025-09-02 10:45:00,-0.1052061400737407,0.0006744685698148732,0.0006744685698148732,0.0027698354521931592,1
703,2025-09-03 18:00:00,0.1386876132092272,0.000628403457620226,0.000628403457620226,0.0022205560512235556,1
704,2025-09-05 15:30:00,-0.2038918935882506,0.0007743391041920662,0.0007743391041920662,0.002508640762705713,1
705,2025-09-11 16:15:00,-0.0962250687455261,0.0006294942516302957,0.0006294942516302957,0.001227454209824125,1
706,2025-09-16 18:00:00,0.1454433689963264,0.0006331208526442846,0.0006331208526442846,0.0033568682788107764,1
707,2025-09-17 21:00:00,-0.2258734327380581,0.0007964836257851718,0.0007964836257851718,0.009419248440451942,1
708,2025-09-18 11:00:00,0.1408582583129241,0.0006312306331480766,0.0006312306331480766,0.006387738302115267,1
709,2025-09-25 15:30:00,-0.1489167130170545,0.0007818122580179371,0.0007818122580179371,0.004599914742182942,1
710,2025-09-30 18:45:00,0.112843242864534,0.0006287590327466103,0.0006287590327466103,0.0019072276062624682,1
711,2025-10-01 10:30:00,-0.0326450357748422,0.0006440959839186107,0.0006440959839186107,0.0023190590925160847,1
712,2025-10-06 10:30:00,-0.2750084115219263,0.0008980368364797445,0.0008980368364797445,0.004216762937926642,1
713,2025-10-09 18:15:00,0.1479122254880046,0.0006487189499472326,0.0006487189499472326,0.0012625172462689767,1
714,2025-10-10 18:00:00,-0.0668106940020001,0.000687490434311579,0.000687490434311579,0.0017129998464465994,1
715,2025-10-13 03:30:00,0.1743082616252061,0.0006360898976487152,0.0006360898976487152,0.003909305748922051,1
716,2025-10-24 18:30:00,0.1769547939703752,0.0006298484794184304,0.0006298484794184304,0.0014521959493188552,1
717,2025-10-29 21:30:00,-0.2268647241656395,0.0008600723634603272,0.0008600723634603272,0.0028754701057646984,1
718,2025-10-31 19:00:00,0.1007651781521939,0.0006244624322532782,0.0006244624322532782,0.0009108456312754131,1
719,2025-11-13 14:00:00,0.1621195232334953,0.0006154094498967072,0.0006154094498967072,0.0036794457013004152,1
720,2025-11-25 19:00:00,0.1265195588355283,0.0006170218626343961,0.0006170218626343961,0.002219871779029703,1
721,2025-11-26 16:30:00,0.1057760950847551,0.0006000033198905397,0.0006000033198905397,0.0032519512314452,1
722,2025-12-10 21:45:00,-0.1506976817606451,0.0006681914081380707,0.0006681914081380707,0.002317993707568479,1
723,2025-12-16 17:30:00,0.0472497655829522,0.0005927536432399964,0.0005927536432399964,0.0032662811329469423,1
724,2026-01-12 04:45:00,0.175351182567984,0.0005777760728309438,0.0005777760728309438,0.0034776982902186776,1
725,2026-01-16 18:00:00,-0.0999075781788551,0.0005993745757617202,0.0005993745757617202,0.002676433079735377,1
726,2026-01-19 01:30:00,0.0048462163348907,0.0006231694785884092,0.0006231694785884092,0.0012394668437095359,1
727,2026-01-23 19:30:00,0.1193298655213567,0.000584909312523132,0.000584909312523132,0.009156010683582976,1
728,2026-01-27 12:30:00,0.0325156210181913,0.00056735850129575,0.00056735850129575,0.013788365655675998,1
729,2026-01-28 09:00:00,0.0241599448904365,0.0006483144207479527,0.0006483144207479527,0.009369022277133803,1
730,2026-01-29 17:00:00,0.0770964295156185,0.0006061711509248632,0.0006061711509248632,0.003303266023869289,1
731,2026-01-30 03:45:00,0.1058062778987996,0.0006314743933709714,0.0006314743933709714,0.00293287288003017,1
732,2026-02-02 18:00:00,0.1217059555286692,0.0006113952523077685,0.0006113952523077685,0.002256169372386468,1
733,2026-02-04 19:30:00,0.1301213878344354,0.0005804188086387108,0.0005804188086387108,0.001135439384459206,1
734,2026-02-05 18:30:00,0.1567750001429076,0.0005894257345553648,0.0005894257345553648,0.0019178878568420106,1
735,2026-02-11 15:30:00,-0.0977884549444195,0.0006566354734936002,0.0006566354734936002,0.0021046081833757235,1
736,2026-02-13 19:00:00,0.1080413119279395,0.000599633138828122,0.000599633138828122,0.0017352925710370645,1
737,2026-02-20 17:00:00,-0.0602400297324034,0.0006488243812590703,0.0006488243812590703,0.003216661680722475,1
738,2026-02-26 18:00:00,-0.0200051239106082,0.0005635642361677284,0.0005635642361677284,0.0013393691709458703,1
739,2026-03-02 00:00:00,-0.4135164687048714,0.0009528328148497422,0.0009528328148497422,0.005377800397564536,1
740,2026-03-03 17:00:00,0.1381144655170162,0.0005725311215412012,0.0005725311215412012,0.006318645427115274,1
741,2026-03-04 12:00:00,-0.0490436436116368,0.0007879323190712384,0.0007879323190712384,0.0014703166408523028,1
742,2026-03-05 10:45:00,0.088916497536439,0.0005683698064583135,0.0005683698064583135,0.0035975596077810123,1
743,2026-03-06 15:00:00,0.0966070057244488,0.00057778389843842,0.00057778389843842,0.0045556986099348174,1
744,2026-03-10 13:15:00,0.1494618969740988,0.0005681506626679071,0.0005681506626679071,0.0033377523545961244,1
745,2026-03-13 12:00:00,0.0801790019999192,0.0005638625506555857,0.0005638625506555857,0.003935257065824967,1
746,2026-03-16 17:30:00,0.0798156597381438,0.0006028970819352378,0.0006028970819352378,0.003486065801391253,1
747,2026-03-17 12:30:00,0.1333818784536439,0.0005644861485189476,0.0005644861485189476,0.002966897866530679,1
748,2026-03-18 14:15:00,0.0759235610928652,0.000592421771025168,0.000592421771025168,0.0070138475425366555,1
749,2026-03-19 14:45:00,0.1458264778396372,0.0005765510783170998,0.0005765510783170998,0.011097316194734324,1
750,2026-03-20 14:45:00,0.1532295199473841,0.0005705723046033491,0.0005705723046033491,0.003939893653932728,1
751,2026-03-23 11:15:00,0.0272013264581491,0.000567483634566218,0.000567483634566218,0.007921687885490818,1
752,2026-03-24 10:15:00,-0.0293363949202194,0.0005892464101611785,0.0005892464101611785,0.003392833418907614,1
753,2026-03-26 18:45:00,0.1353442256431138,0.0005617836510713636,0.0005617836510713636,0.0016737711882264935,1
754,2026-03-30 18:30:00,0.0525590922100865,0.0005706783860031186,0.0005706783860031186,0.002832751971635346,1
755,2026-03-31 17:00:00,0.1209336612674832,0.0005726978136000475,0.0005726978136000475,0.004424000670364484,1
756,2026-04-01 11:30:00,0.0978162475095989,0.0005630229503983261,0.0005630229503983261,0.0027341155958756813,1
757,2026-04-02 04:15:00,-0.0881021283389637,0.0006146545285832684,0.0006146545285832684,0.004524541613654499,1
758,2026-04-02 17:30:00,-0.0017984171638048,0.0005854843182298706,0.0005854843182298706,0.001706832508014809,1
759,2026-04-07 11:00:00,-0.0399638032277433,0.0005416723336588291,0.0005416723336588291,0.003038833769695633,1
760,2026-04-08 01:30:00,-0.1000600978149752,0.0006745089844515462,0.0006745089844515462,0.005311733400864232,1
761,2026-04-13 00:00:00,-0.5317746004242359,0.0010855657024666763,0.0010855657024666763,0.0023538586313664673,1
762,2026-04-17 15:45:00,-0.0900376741893215,0.0005883602673689483,0.0005883602673689483,0.00886073151975874,1
763,2026-04-20 00:00:00,-0.0199976750676069,0.0005931619280049019,0.0005931619280049019,0.0024420659921759653,1
764,2026-04-21 18:15:00,-0.0002574197518733,0.0005176363344340114,0.0005176363344340114,0.0018917773004531507,1
765,2026-04-23 20:00:00,0.0903393165553067,0.0005762183355933214,0.0005762183355933214,0.0011132520952779933,1
766,2026-04-27 00:30:00,-0.0445330712935827,0.0005212616020438582,0.0005212616020438582,0.003632553686170131,1
767,2026-04-29 21:45:00,0.0774045009550734,0.0005094606973587207,0.0005094606973587207,0.001361400654651192,1
768,2026-04-30 14:00:00,0.0851940801498529,0.0005155525199074559,0.0005155525199074559,0.0026783826307220093,1
769,2026-05-01 14:30:00,0.1457242787682529,0.0005166816826699061,0.0005166816826699061,0.0027277471244968876,1
770,2026-05-04 00:00:00,-0.1267830761508101,0.0006576058819177964,0.0006576058819177964,0.002497816775752793,1
771,2026-05-04 14:15:00,0.1505164632209158,0.000510133069049265,0.000510133069049265,0.0015910085729278843,1
772,2026-05-06 13:45:00,0.134225631093718,0.0005003947361991111,0.0005003947361991111,0.003756527339101679,1
773,2026-05-07 13:45:00,0.1578041701981969,0.0005048515210748593,0.0005048515210748593,0.0036866950513578605,1
774,2026-05-11 00:00:00,-0.1814914913139935,0.0006441794002788549,0.0006441794002788549,0.002379901167497006,1
775,2026-05-15 13:00:00,0.1360213055193856,0.0004973174893152444,0.0004973174893152444,0.0015827007269160838,1
776,2026-05-18 15:30:00,0.1401645687855667,0.0004912283117053285,0.0004912283117053285,0.002035934505335287,1
777,2026-05-20 17:15:00,-0.0186140904243668,0.0005270803045074846,0.0005270803045074846,0.001781020986940224,1
778,2026-05-21 11:00:00,-0.1182764813951073,0.0006000213691948858,0.0006000213691948858,0.004215250945496312,1
779,2026-05-25 00:00:00,-0.1828283252255164,0.0006343959690142438,0.0006343959690142438,0.001048164090671268,1
780,2026-05-27 17:45:00,-0.0072222718637415,0.0006449727308293074,0.0006449727308293074,0.0013772802617864342,1
781,2026-05-28 17:30:00,0.0696413921013358,0.0004835820961562476,0.0004835820961562476,0.0006009925142687621,1
782,2026-05-29 19:00:00,0.161022855773061,0.00048158883849362834,0.00048158883849362834,0.0024452721930623054,1
783,2026-06-05 15:30:00,-0.1285047054035843,0.0006112619241040375,0.0006112619241040375,0.008470410872365833,1
784,2026-06-10 16:30:00,0.0751241488210772,0.000510725467052185,0.000510725467052185,0.0038013476032743533,1
785,2026-06-11 16:00:00,0.0902078811179267,0.00047457664484660183,0.00047457664484660183,0.005140865534727521,1
786,2026-06-15 02:15:00,0.1782658471665731,0.00047042328674314933,0.00047042328674314933,0.0013005078980645804,1
787,2026-06-17 21:00:00,-0.5566912519223751,0.0009923501559842998,0.0009923501559842998,0.005263124333412727,1
788,2026-06-18 12:00:00,0.1378517487567134,0.0004720052208143498,0.0004720052208143498,0.002067369028832182,1
789,2026-06-22 04:00:00,0.1562919219668647,0.0004698121923590996,0.0004698121923590996,0.002452703784833921,1
790,2026-06-23 10:30:00,-0.0502636792685997,0.0005029224140034024,0.0005029224140034024,0.0034925796322322214,1
791,2026-06-24 11:15:00,0.0481055870667856,0.0005046660362093122,0.0005046660362093122,0.0023723548138275766,1
792,2026-06-25 15:30:00,0.0050254182250418,0.0005446229674017769,0.0005446229674017769,0.002197938340332316,1
793,2026-06-26 15:45:00,0.1069622451436629,0.00048673810526574763,0.00048673810526574763,0.004130697084478819,1
